model,rmse,mae,mape,avg_std,coverage_95,nll_gaussian,log_marginal_likelihood
RBF + Periodic,0.1282459975387394,0.0906731852869176,0.036275152148584726,0.15439267806327875,1.0,-0.7266596235393983,-9.876401138807472
RBF,0.17402013144503964,0.1381204193325107,0.05656012344832764,0.1613956233296059,0.612,43.22142155513591,-12.256637205841207
