ttm_years,y_true,y_pred_mean,y_pred_std
2.5,2.65,2.6844217531074492,0.10010474701262599
3.0,2.75,2.83966230893219,0.18672075359869034
