model,rmse_loocv,mae_loocv,coverage95_loocv,nll_loocv,avg_std_loocv
RBF,0.23644282567955788,0.18989008475590255,0.8888888888888888,0.22654738043565212,0.17175630660109556
RBF + Periodic,0.2771927255307861,0.18555536399255967,0.5555555555555556,645.388478130762,0.05176211022772583
Periodic-only,0.32587153373502936,0.25502728660036866,0.7777777777777778,15.606900431512198,0.14136371711568899
